date,equity,positions,cash
2024-09-05,987236.5001983588,2,660218.6701983588
2024-09-06,977484.1431099379,4,443904.94310993794
2024-09-09,956788.2071162903,5,273074.85711629037
2024-09-10,950207.3738634419,7,12746.323863441918
2024-09-11,936005.059328282,8,512.1093282819638
2024-09-12,948914.0251341246,8,14105.375134124508
2024-09-13,960986.8751341245,8,14105.375134124508
2024-09-16,964982.9717479545,8,1902.3717479545157
2024-09-17,970014.8717479545,8,1902.3717479545157
2024-09-18,963508.2526771958,8,73.80267719573749
2024-09-19,955404.3466658134,8,6260.896665813241
2024-09-20,971202.2466658133,8,6260.896665813241
2024-09-23,980781.6447225651,8,6549.04472256513
2024-09-24,974439.0447225651,8,6549.04472256513
2024-09-25,977265.5805111363,8,3557.480511136382
2024-09-26,987782.9379789388,8,9263.48797893888
2024-09-27,979217.5380331536,8,3241.99803315365
2024-09-30,962242.1453680175,8,214407.19536801742
2024-10-01,952926.9113331728,8,164733.79133317276
2024-10-03,929720.7852541645,7,833.055254164472
2024-10-04,913614.9670754957,6,223616.93707549572
2024-10-07,898831.7120877088,4,409611.2820877088
2024-10-08,907696.2520877088,4,409611.2820877088
2024-10-09,909588.7420877088,4,409611.2820877088
2024-10-10,900394.0926995113,3,636309.4426995113
2024-10-11,902096.2026995113,3,636309.4426995113
2024-10-14,899241.1095478863,1,768436.1495478863
2024-10-15,899969.8706370732,1,787920.6206370732
2024-10-16,888303.4389921582,3,395667.28899215814
2024-10-17,886539.5040744906,4,259560.10407449063
2024-10-18,865517.9312681819,3,292097.0812681819
2024-10-21,853093.7106930332,5,139554.91069303322
2024-10-22,838198.9458820558,0,838198.9458820558
2024-10-23,838198.9458820558,0,838198.9458820558
2024-10-24,838198.9458820558,0,838198.9458820558
2024-10-25,838198.9458820558,0,838198.9458820558
2024-10-28,838198.9458820558,0,838198.9458820558
2024-10-29,838198.9458820558,0,838198.9458820558
2024-10-30,838198.9458820558,0,838198.9458820558
2024-10-31,838198.9458820558,0,838198.9458820558
2024-11-01,838198.9458820558,0,838198.9458820558
2024-11-04,838198.9458820558,0,838198.9458820558
2024-11-05,838198.9458820558,0,838198.9458820558
2024-11-06,838198.9458820558,0,838198.9458820558
2024-11-07,838198.9458820558,0,838198.9458820558
2024-11-08,838198.9458820558,0,838198.9458820558
2024-11-11,838198.9458820558,0,838198.9458820558
2024-11-12,838198.9458820558,0,838198.9458820558
2024-11-13,838198.9458820558,0,838198.9458820558
2024-11-14,838198.9458820558,0,838198.9458820558
2024-11-18,838198.9458820558,0,838198.9458820558
2024-11-19,838198.9458820558,0,838198.9458820558
2024-11-21,838198.9458820558,0,838198.9458820558
2024-11-22,838198.9458820558,0,838198.9458820558
2024-11-25,838198.9458820558,0,838198.9458820558
2024-11-26,838198.9458820558,0,838198.9458820558
2024-11-27,838198.9458820558,0,838198.9458820558
2024-11-28,838198.9458820558,0,838198.9458820558
2024-11-29,838198.9458820558,0,838198.9458820558
2024-12-02,844005.9914593921,4,264784.1914593921
2024-12-03,844687.8199527358,8,1186.0699527358188
2024-12-04,842992.0699527358,8,1186.0699527358188
2024-12-05,853302.5699527357,8,1186.0699527358188
2024-12-06,858612.9199527358,8,1186.0699527358188
2024-12-09,857099.5199527359,8,1186.0699527358188
2024-12-10,866305.5382932748,8,9897.638293274762
2024-12-11,867027.0481397948,8,3472.148139794779
2024-12-12,868545.8127690211,7,122592.31276902108
2024-12-13,877219.672286371,8,10786.072286371083
2024-12-16,882084.4461430275,8,11007.496143027442
2024-12-17,880635.0829660302,8,2339.732966030264
2024-12-18,879462.6187230429,8,46754.26872304281
2024-12-19,880938.2052825241,8,113963.4552825241
2024-12-20,854860.7756454392,8,153109.17564543916
2024-12-23,859355.9907713417,6,408827.3907713417
2024-12-24,854525.5092272342,5,501180.7092272342
2024-12-26,848121.1893083017,2,708952.3393083017
2024-12-27,846466.0893083017,2,708952.3393083017
2024-12-30,846191.9393083017,2,708952.3393083017
2024-12-31,847346.9393083017,2,708952.3393083017
2025-01-01,847134.2893083016,2,708952.3393083017
2025-01-02,847996.4393083017,2,708952.3393083017
2025-01-03,849422.2893083016,2,708952.3393083017
2025-01-06,832797.6997097569,3,441034.89970975684
2025-01-07,833580.8063534917,2,533080.6263534918
2025-01-08,829795.2292932633,0,829795.2292932633
2025-01-09,829795.2292932633,0,829795.2292932633
2025-01-10,829795.2292932633,0,829795.2292932633
2025-01-13,829795.2292932633,0,829795.2292932633
2025-01-14,829795.2292932633,0,829795.2292932633
2025-01-15,829795.2292932633,0,829795.2292932633
2025-01-16,829795.2292932633,0,829795.2292932633
2025-01-17,829795.2292932633,0,829795.2292932633
2025-01-20,829795.2292932633,0,829795.2292932633
2025-01-21,829795.2292932633,0,829795.2292932633
2025-01-22,829795.2292932633,0,829795.2292932633
2025-01-23,829795.2292932633,0,829795.2292932633
2025-01-24,829795.2292932633,0,829795.2292932633
2025-01-27,829795.2292932633,0,829795.2292932633
2025-01-28,829795.2292932633,0,829795.2292932633
2025-01-29,829795.2292932633,0,829795.2292932633
2025-01-30,829795.2292932633,0,829795.2292932633
2025-01-31,829795.2292932633,0,829795.2292932633
2025-02-01,829795.2292932633,0,829795.2292932633
2025-02-03,829795.2292932633,0,829795.2292932633
2025-02-04,829795.2292932633,0,829795.2292932633
2025-02-05,829795.2292932633,0,829795.2292932633
2025-02-06,829795.2292932633,0,829795.2292932633
2025-02-07,829795.2292932633,0,829795.2292932633
2025-02-10,829795.2292932633,0,829795.2292932633
2025-02-11,829795.2292932633,0,829795.2292932633
2025-02-12,829795.2292932633,0,829795.2292932633
2025-02-13,829795.2292932633,0,829795.2292932633
2025-02-14,829795.2292932633,0,829795.2292932633
2025-02-17,829795.2292932633,0,829795.2292932633
2025-02-18,829795.2292932633,0,829795.2292932633
2025-02-19,829795.2292932633,0,829795.2292932633
2025-02-20,829795.2292932633,0,829795.2292932633
2025-02-21,829795.2292932633,0,829795.2292932633
2025-02-24,829795.2292932633,0,829795.2292932633
2025-02-25,829795.2292932633,0,829795.2292932633
2025-02-27,829795.2292932633,0,829795.2292932633
2025-02-28,829795.2292932633,0,829795.2292932633
2025-03-03,829795.2292932633,0,829795.2292932633
2025-03-04,829795.2292932633,0,829795.2292932633
2025-03-05,829795.2292932633,0,829795.2292932633
2025-03-06,829795.2292932633,0,829795.2292932633
2025-03-07,829795.2292932633,0,829795.2292932633
2025-03-10,829795.2292932633,0,829795.2292932633
2025-03-11,829795.2292932633,0,829795.2292932633
2025-03-12,829795.2292932633,0,829795.2292932633
2025-03-13,829795.2292932633,0,829795.2292932633
2025-03-17,829795.2292932633,0,829795.2292932633
2025-03-18,829795.2292932633,0,829795.2292932633
2025-03-19,829795.2292932633,0,829795.2292932633
2025-03-20,829795.2292932633,0,829795.2292932633
2025-03-21,829795.2292932633,0,829795.2292932633
2025-03-24,829242.3074206458,4,233704.05742064584
2025-03-25,826472.7091494121,5,131566.1591494121
2025-03-26,821682.547571412,6,-90.79242858791258
2025-03-27,823358.247571412,6,-90.79242858791258
2025-03-28,828082.777571412,6,-90.79242858791258
2025-04-01,813706.3755713684,6,235770.13557136842
2025-04-02,824539.3573827447,8,5876.797382744728
2025-04-03,814833.0683918397,7,128468.70839183975
2025-04-04,801716.3837235785,6,185717.1137235785
2025-04-07,756248.8796108412,0,756248.8796108412
2025-04-08,756248.8796108412,0,756248.8796108412
2025-04-09,756248.8796108412,0,756248.8796108412
2025-04-11,756248.8796108412,0,756248.8796108412
2025-04-15,756248.8796108412,0,756248.8796108412
2025-04-16,756248.8796108412,0,756248.8796108412
2025-04-17,752712.8462996362,2,522470.2462996362
2025-04-21,758285.9585771688,5,273770.7285771688
2025-04-22,759151.4780768737,8,-27.92192312644329
2025-04-23,765121.6873199235,8,69456.86731992356
2025-04-24,765514.4548520285,8,1062.194852028566
2025-04-25,735450.843660926,6,141973.89366092609
2025-04-28,729673.0439079386,8,-24.416092061372183
2025-04-29,729337.3936974986,8,132.05369749864622
2025-04-30,722744.2000173838,8,1857.7400173836504
2025-05-02,718861.9375265193,7,207172.59752651918
2025-05-05,725768.9188872487,8,98633.67888724868
2025-05-06,723324.9529431297,8,91950.9929431297
2025-05-07,710425.6673990573,6,55804.06739905729
2025-05-08,683301.5429327638,3,425338.84293276386
2025-05-09,681591.0783336938,2,556358.7783336939
2025-05-12,685923.6325357913,6,220428.53253579125
2025-05-13,682323.8240344938,8,133.8240344937949
2025-05-14,683525.4615913304,8,3998.8815913303115
2025-05-15,691869.5615913302,8,3998.8815913303115
2025-05-16,691173.0415913303,8,3998.8815913303115
2025-05-19,684096.5044669373,8,108790.30446693733
2025-05-20,679155.9103279249,8,34684.310327924846
2025-05-21,686741.1103279248,8,34684.310327924846
2025-05-22,682231.2434619374,8,62706.34346193739
2025-05-23,687016.5022537423,8,3147.1822537424027
2025-05-26,680634.7122699165,5,309284.95226991654
2025-05-27,676144.2181533015,8,11774.498153301567
2025-05-28,685215.9909465575,8,25961.590946557462
2025-05-29,689623.9909465574,8,25961.590946557462
2025-05-30,685609.9009247954,8,582.4009247954637
2025-06-02,683597.691269448,8,218.99126944795353
2025-06-03,680173.248903824,8,986.6889038240515
2025-06-04,684880.8589038241,8,986.6889038240515
2025-06-05,686114.8340533191,8,926.0840533190494
2025-06-06,695892.4640533191,8,926.0840533190494
2025-06-09,706925.374053319,8,926.0840533190494
2025-06-10,709627.1835616534,8,18658.523561653332
2025-06-11,706997.6439548659,8,100632.94395486583
2025-06-12,695396.9732338362,8,161020.30323383637
2025-06-13,688389.6988867364,6,316496.0288867364
2025-06-16,693066.4794683526,8,125005.02946835269
2025-06-17,698337.7894683527,8,125005.02946835269
2025-06-18,692149.6211200627,8,96352.99112006271
2025-06-19,683395.1791490202,8,163597.49914902024
2025-06-20,678427.7217299036,7,153983.30172990364
2025-06-23,685630.1786165537,8,71389.19861655364
2025-06-24,694682.6086165537,8,71389.19861655364
2025-06-25,699542.5021959218,8,78392.43219592176
2025-06-26,700773.5321959218,8,78392.43219592176
2025-06-27,697223.2021959218,8,78392.43219592176
2025-06-30,708993.8007042394,8,92074.90070423932
2025-07-01,704368.7267498956,8,55601.926749895574
2025-07-02,695479.2063308456,8,12833.306330845575
2025-07-03,708441.7256436616,8,26956.425643661474
2025-07-04,698480.0908824365,8,94482.46088243651
2025-07-07,688892.548281104,6,182716.06828110397
2025-07-08,685562.3212545615,8,283.64125456154125
2025-07-09,691165.7506876534,8,31452.250687653373
2025-07-10,700702.7106876534,8,31452.250687653373
2025-07-11,695327.0748524584,7,22.504852458427195
2025-07-14,695561.7907307285,7,381.48073072842817
2025-07-15,700826.2007307285,7,381.48073072842817
2025-07-16,702769.6999485575,8,2194.019948557625
2025-07-17,705946.2912570146,8,21991.67125701462
2025-07-18,704837.5428052661,8,11.322805266128853
2025-07-21,715722.8293298746,8,14824.429329874625
2025-07-22,718406.4293298746,8,14824.429329874625
2025-07-23,717619.3108955026,8,299.8108955026255
2025-07-24,710713.712545184,8,97.47254518397676
2025-07-25,683919.462406471,7,745.1624064710195
2025-07-28,686900.9558494128,6,59678.30584941279
2025-07-29,690062.1245556629,5,157267.0745556628
2025-07-30,688559.8328352384,5,176518.18283523835
2025-07-31,676735.8505018546,1,572688.2005018545
2025-08-01,673594.1387461283,0,673594.1387461283
2025-08-04,673594.1387461283,0,673594.1387461283
2025-08-05,673594.1387461283,0,673594.1387461283
2025-08-06,673594.1387461283,0,673594.1387461283
2025-08-07,673594.1387461283,0,673594.1387461283
2025-08-08,673594.1387461283,0,673594.1387461283
2025-08-11,673594.1387461283,0,673594.1387461283
2025-08-12,673594.1387461283,0,673594.1387461283
2025-08-13,673594.1387461283,0,673594.1387461283
2025-08-14,673594.1387461283,0,673594.1387461283
2025-08-18,673594.1387461283,0,673594.1387461283
2025-08-19,673594.1387461283,0,673594.1387461283
2025-08-20,673594.1387461283,0,673594.1387461283
2025-08-21,673594.1387461283,0,673594.1387461283
2025-08-22,666494.8699051118,3,298911.1699051118
2025-08-25,666840.3436010767,6,11562.493601076807
2025-08-26,659000.5008771643,7,1505.1508771643566
2025-08-28,654288.7319205444,5,208126.1819205444
2025-08-29,652760.7123638443,4,310640.81236384436
2025-09-01,658965.7123638444,4,310640.81236384436
2025-09-02,660487.9123638443,4,310640.81236384436
2025-09-03,664926.0123638443,4,310640.81236384436
2025-09-04,663702.1721099694,4,327128.5721099694
2025-09-05,665673.0721099693,4,327128.5721099694
2025-09-08,670839.6826065567,8,3999.7326065566467
2025-09-09,663112.8020281118,8,5683.4820281116845
2025-09-10,661108.0428425441,8,34943.29284254421
2025-09-11,654989.1017372455,7,190523.19173724548
2025-09-12,655907.8082995755,8,2448.0582995754885
2025-09-15,661944.0740448628,8,47288.85404486279
2025-09-16,660521.0340448628,8,47288.85404486279
2025-09-17,660429.4654193828,8,74337.4754193828
2025-09-18,655299.7634280027,8,708.3334280027775
2025-09-19,653323.0679580418,8,125137.06795804176
2025-09-22,647330.83811221,8,110.3381122100509
2025-09-23,643560.2224808526,8,18746.902480852616
2025-09-24,639527.6989524476,8,55123.06895244765
2025-09-25,626250.505583039,6,295479.045583039
2025-09-26,612119.0889682639,6,122851.14896826401
2025-09-29,612004.6423655015,3,454689.4023655015
2025-09-30,608870.8669920914,3,459632.0969920914
2025-10-01,606473.0069920914,3,459632.0969920914
2025-10-03,608567.9868936811,2,491312.08689368115
2025-10-06,606412.2868936812,2,491312.08689368115
2025-10-07,606318.2868936812,2,491312.08689368115
2025-10-08,603918.1447841387,0,603918.1447841387
2025-10-09,611383.5479532091,4,158589.64795320918
2025-10-10,606234.210910723,7,76.29091072296796
2025-10-13,605460.9009107229,7,76.29091072296796
2025-10-14,598050.8629932556,8,1025.4029932554768
2025-10-15,606639.6029932555,8,1025.4029932554768
2025-10-16,604766.8129932556,8,1025.4029932554768
2025-10-17,597494.6830275981,7,194886.18302759802
2025-10-20,609888.1763907778,8,129682.5863907779
2025-10-21,612388.9563907778,8,129682.5863907779
2025-10-23,610816.7663907779,8,129682.5863907779
2025-10-24,609479.2524007164,8,44505.45240071637
2025-10-27,619217.4624007164,8,44505.45240071637
2025-10-28,627718.7832257487,8,64235.30322574867
2025-10-29,630774.2406696727,8,84122.21066967273
2025-10-30,631914.1606696727,8,84122.21066967273
2025-10-31,632350.9517013683,8,51382.21170136832
2025-11-03,641230.3917013684,8,51382.21170136832
2025-11-04,642708.2542712616,8,15672.904271261592
2025-11-06,628091.0380520241,8,6.678052024115459
2025-11-07,637662.7423321791,8,31018.512332179132
2025-11-10,639629.6277980134,8,41464.61779801342
2025-11-11,640205.5977980135,8,41464.61779801342
2025-11-12,641657.3405276334,6,164339.21052763343
2025-11-13,640439.5105276334,6,164339.21052763343
2025-11-14,639597.3590015934,5,245585.77900159342
2025-11-17,643613.6590015935,5,245585.77900159342
2025-11-18,638877.7348467234,8,634.5348467234435
2025-11-19,636765.3336256011,7,188.16362560124253
2025-11-20,636370.0237640887,7,-63.536235911247786
2025-11-21,619029.2149200772,3,349387.8649200773
2025-11-24,624531.6297202767,3,364115.27972027665
2025-11-25,628205.2297202767,3,364115.27972027665
2025-11-26,627132.1297202767,3,364115.27972027665
2025-11-27,629814.1297202767,3,364115.27972027665
2025-11-28,632957.3797202767,3,364115.27972027665
2025-12-01,632076.702002785,3,379805.6020027851
2025-12-02,631639.8520027851,3,379805.6020027851
2025-12-03,628716.4144236351,1,524125.1644236351
2025-12-04,628878.4144236351,1,524125.1644236351
2025-12-05,629101.1644236351,1,524125.1644236351
2025-12-08,628392.4144236351,1,524125.1644236351
2025-12-09,629769.4144236351,1,524125.1644236351
2025-12-10,629263.1644236351,1,524125.1644236351
2025-12-11,629789.6644236351,1,524125.1644236351
2025-12-12,629971.9144236351,1,524125.1644236351
2025-12-15,631551.4144236351,1,524125.1644236351
2025-12-16,630316.1644236351,1,524125.1644236351
2025-12-17,630883.1644236351,1,524125.1644236351
2025-12-18,631612.1644236351,1,524125.1644236351
2025-12-19,632604.4144236351,1,524125.1644236351
2025-12-22,633185.6522404196,1,540598.0522404197
2025-12-23,631912.8522404197,1,540598.0522404197
2025-12-24,630491.5347145697,0,630491.5347145697
2025-12-26,619939.8265962851,2,462261.10659628507
2025-12-29,617494.4833042391,1,546601.6833042391
2025-12-30,618414.0833042391,1,546601.6833042391
2025-12-31,618915.6833042391,1,546601.6833042391
2026-01-01,621888.8869599653,5,169507.6369599653
2026-01-02,624044.1478221192,8,2327.1978221190657
2026-01-05,625467.8478221191,8,2327.1978221190657
2026-01-06,619045.5576816511,8,89.7876816511199
2026-01-07,616340.8814988796,8,404.5814988796774
2026-01-08,608224.3276079473,6,47319.77760794721
2026-01-09,606283.4051860436,4,231789.95518604352
2026-01-12,604429.2051860435,4,231789.95518604352
2026-01-13,603763.4615859711,3,301422.611585971
2026-01-14,599340.0679764948,1,551032.8679764948
2026-01-16,599844.9679764948,1,551032.8679764948
2026-01-19,598886.1679764949,1,551032.8679764948
2026-01-20,597814.3779003049,0,597814.3779003049
2026-01-21,597814.3779003049,0,597814.3779003049
2026-01-22,597814.3779003049,0,597814.3779003049
2026-01-23,597814.3779003049,0,597814.3779003049
2026-01-27,597814.3779003049,0,597814.3779003049
2026-01-28,597814.3779003049,0,597814.3779003049
2026-01-29,597814.3779003049,0,597814.3779003049
2026-01-30,597814.3779003049,0,597814.3779003049
2026-02-01,597814.3779003049,0,597814.3779003049
2026-02-02,597814.3779003049,0,597814.3779003049
2026-02-03,597814.3779003049,0,597814.3779003049
2026-02-04,597814.3779003049,0,597814.3779003049
2026-02-05,597814.3779003049,0,597814.3779003049
2026-02-06,597814.3779003049,0,597814.3779003049
2026-02-09,597814.3779003049,0,597814.3779003049
2026-02-10,600254.729861792,4,161630.3698617919
2026-02-11,599633.3246670499,5,21227.984667049914
2026-02-12,599007.9335666123,8,15644.473566612416
2026-02-13,586638.350365517,5,148481.27036551698
2026-02-16,586936.9149846421,4,322748.354984642
2026-02-17,585745.0349846419,4,322748.354984642
2026-02-18,589957.3061780545,7,3297.4461780545244
2026-02-19,571306.8715298526,6,129083.32152985263
2026-02-20,578535.0569941676,5,132893.22699416763
2026-02-23,579774.4869941677,5,132893.22699416763
2026-02-24,583298.8169941676,5,132893.22699416763
2026-02-25,594485.5249539621,5,153628.36495396204
2026-02-26,597004.5249539621,5,153628.36495396204
2026-02-27,592094.374953962,5,153628.36495396204
2026-03-02,590766.1956666871,4,253745.95566668705
2026-03-04,577107.6705961591,1,502297.8705961591
2026-03-05,578261.370596159,1,502297.8705961591
2026-03-06,577204.9705961591,1,502297.8705961591
2026-03-09,577434.3205961591,1,502297.8705961591
2026-03-10,577538.5705961591,1,502297.8705961591
2026-03-11,578191.870596159,1,502297.8705961591
2026-03-12,577545.520596159,1,502297.8705961591
2026-03-13,576783.0598834029,0,576783.0598834029
2026-03-16,576783.0598834029,0,576783.0598834029
2026-03-17,576783.0598834029,0,576783.0598834029
2026-03-18,576783.0598834029,0,576783.0598834029
2026-03-19,576783.0598834029,0,576783.0598834029
2026-03-20,576783.0598834029,0,576783.0598834029
2026-03-23,576783.0598834029,0,576783.0598834029
2026-03-24,576783.0598834029,0,576783.0598834029
2026-03-25,576783.0598834029,0,576783.0598834029
2026-03-27,576783.0598834029,0,576783.0598834029
2026-03-30,576783.0598834029,0,576783.0598834029
2026-04-01,576783.0598834029,0,576783.0598834029
2026-04-02,576783.0598834029,0,576783.0598834029
2026-04-06,576783.0598834029,0,576783.0598834029
2026-04-07,576783.0598834029,0,576783.0598834029
2026-04-08,576783.0598834029,0,576783.0598834029
2026-04-09,576783.0598834029,0,576783.0598834029
2026-04-10,575854.6727346417,4,176033.53273464163
2026-04-13,574086.171090598,3,259028.42109059793
2026-04-15,582284.7982528822,7,9125.508252882195
2026-04-16,591147.6927581945,7,22550.132758194486
2026-04-17,597139.3005282446,8,6297.350528244488
2026-04-20,597038.9706034242,8,1544.8106034241791
2026-04-21,601928.630603424,8,1544.8106034241791
2026-04-22,605936.8129329359,8,4331.342932935935
2026-04-23,607985.2353670443,8,4177.265367044438
2026-04-24,604412.6737939664,8,4033.573793966454
2026-04-27,611988.5237939665,8,4033.573793966454
2026-04-28,614119.9657979542,8,14965.265797954311
2026-04-29,613162.394195262,8,48835.324195262074
2026-04-30,605962.8669964471,8,45234.266996447084
2026-05-04,602424.4649810009,8,61933.21498100087
2026-05-05,606211.7549810008,8,61933.21498100087
2026-05-06,607059.4609463859,8,73453.98094638587
2026-05-07,612697.4603708384,8,48338.30037083838
2026-05-08,612014.9203708384,8,48338.30037083838
2026-05-11,610024.9108229598,7,49751.01082295994
2026-05-12,598989.8486453762,8,-16.501354623811494
2026-05-13,606095.6720188707,8,8311.17201887074
2026-05-14,613567.7883354373,8,30129.48833543723
2026-05-15,601642.6098893723,8,48137.9098893722
2026-05-18,595709.4161576948,7,166597.91615769474
2026-05-19,603276.0678233434,8,111455.36782334337
2026-05-20,599935.0745360383,8,131156.52453603837
2026-05-21,599194.6300300184,8,126008.03003001839
2026-05-22,587493.5615620334,8,105113.31156203341
2026-05-25,586742.1728618385,8,88279.34286183844
2026-05-26,591658.1428618385,8,88279.34286183844
2026-05-27,596462.1631323977,8,33011.7031323977
2026-05-29,581607.538493696,8,64896.07849369597
2026-06-01,578763.6508151286,8,17276.080815128473
2026-06-02,579985.3805535433,8,2016.5805535434629
2026-06-03,586899.5360465635,8,13497.026046563478
2026-06-04,585878.7905648939,8,30407.960564893787
2026-06-05,585066.3209607644,8,37674.13096076453
2026-06-08,568905.2573287799,5,312225.8573287798
2026-06-09,576799.7173287799,5,312225.8573287798
2026-06-10,566092.6809912899,6,161010.78099128994
2026-06-11,565001.59883282,4,305296.79883282
2026-06-12,572657.2098878936,4,317650.5098878937
2026-06-15,578731.0988578936,4,333224.77885789366
2026-06-16,577900.2096739307,8,54500.27967393068
2026-06-17,578771.0689330669,8,65072.01893306694
2026-06-18,582465.668933067,8,65072.01893306694
2026-06-19,590424.538933067,8,65072.01893306694
2026-06-22,586867.068933067,8,65072.01893306694
2026-06-23,580065.0661610048,8,130262.86616100487
2026-06-24,570126.4618812111,7,84730.26188121116
2026-06-25,563134.7808584154,8,73285.0808584154
2026-06-29,569134.0786675541,8,14332.478667554155
2026-06-30,570513.4481644292,8,3284.1481644291634
2026-07-01,566576.0608758067,8,46628.51087580668
2026-07-02,568250.8653032667,8,61939.16530326668
2026-07-03,559242.2923296717,8,91566.54232967172
2026-07-06,555603.28597422,8,11.505974219980999
2026-07-07,542007.8564236575,8,18264.886423657466
2026-07-08,522109.3941557376,4,310448.3941557376
2026-07-09,524944.8374747527,7,47909.53747475265
2026-07-10,524651.7834560527,8,6513.783456052661
2026-07-13,523334.0587064777,8,37748.05870647768
2026-07-14,519303.78543211025,8,419.1854321101928
2026-07-15,526423.1854321102,8,419.1854321101928
2026-07-16,526928.7956644102,8,700.0956644101971
2026-07-17,524069.71269470145,8,57968.76269470146
2026-07-20,524663.5126947014,8,57968.76269470146
2026-07-21,527396.4992062114,8,58634.999206211454
2026-07-22,521767.4448780365,8,293.84487803645766
2026-07-23,512190.8058468203,6,108612.0058468203
2026-07-24,504014.2641865403,4,242649.26418654033
2026-07-27,513914.13991151133,8,5324.199911511332
2026-07-28,510867.3441666363,7,112981.33416663633
2026-07-29,517770.29416663636,7,112981.33416663633
2026-07-30,520143.1772994347,7,124470.82729943474
2026-07-31,520920.5454309267,7,65583.79543092675
2026-08-03,526186.1934874569,8,11709.493487456857
2026-08-04,525198.4866538469,8,18561.78665384688
2026-08-05,525428.1883753163,8,30810.388375316375
2026-08-06,517885.9892430026,8,491.78924300263316
2026-08-07,522575.3392430026,8,491.78924300263316
2026-08-10,519363.16910022474,8,8.219100224756403
2026-08-11,512341.82497663103,8,6134.724976631068
2026-08-12,505968.6153715248,8,34580.515371524816
2026-08-13,505501.5018528086,7,37717.30185280857
2026-08-14,494512.2489859086,6,68513.74898590855
2026-08-17,488275.1705996986,7,138609.1705996986
2026-08-18,483825.12542559364,8,91311.7254255936
2026-08-19,483696.5254255936,8,91311.7254255936
2026-08-20,482505.3740981197,8,348.2740981196439
2026-08-21,474796.8461589859,7,80269.24615898587
2026-08-24,473393.2864884286,8,11585.476488428627
2026-08-25,473926.2481522011,8,23592.488152201113
2026-08-26,474599.03263840114,8,17318.712638401106
2026-08-27,472367.7725575461,8,59531.85255754612
2026-08-28,477423.2925575461,8,59531.85255754612
2026-08-31,483662.7232933286,8,13967.933293328628
2026-09-01,481955.4580169769,8,1526.7980169768925
2026-09-02,478297.07984448946,8,3106.2898444894017
2026-09-03,481816.4046629694,7,67310.6146629694
2026-09-04,478252.39959636936,6,115463.05959636939
