symbol,setup_date,entry_date,exit_date,entry,stop,avg_exit,shares,stop_pct,risk_amount,pnl,r_multiple,pnl_pct,holding_bars,exit_reason,mfe_pct,mae_pct,confluence,levels,rs_rank,adr20,partials
POLICYBZR,2024-09-04,2024-09-05,2024-09-06,1749.6243749999999,1709.1,1714.1425000000002,123,2.316175722003185,4984.4981249999955,-4854.220449468697,-0.9738634317308928,-2.2556388371218006,1,ema9_close,0.3072445192700363,-2.2132964968552074,1,ema9,78.58719646799118,5.20926183826818,0
INOXWIND,2024-09-04,2024-09-05,2024-09-09,219.44967,213.91,213.803045,902,2.5243464708787218,4996.782340000001,-5542.6687912695115,-1.1092475945769353,-2.8001252507009977,2,stop,6.0060833083048095,-3.535967951102407,1,ema9,93.15673289183223,5.757526728665137,0
BIKAJI,2024-09-05,2024-09-06,2024-09-06,885.4425,868.0,867.566,285,1.969918995304607,4971.112499999998,-5669.351035874991,-1.140459210262289,-2.2466122616657738,0,stop_same_day,0.2888386315316923,-3.3138797832722027,1,avwap,83.00220750551877,4.494099369933565,0
ECLERX,2024-09-05,2024-09-06,2024-09-06,1462.23075,1435.0,1434.2825,182,1.8622744734372427,4955.99649999999,-5692.821723225,-1.1486734752990668,-2.139145291363897,0,stop_same_day,1.2459900737281104,-3.640379604928972,1,avwap,80.5739514348786,4.491433943301859,0
CONCORDBIO,2024-09-09,2024-09-10,2024-09-26,1863.881475,1821.65,2101.3757495619566,115,2.2657811436212607,4856.619624999979,26787.4363066767,5.51565458591516,12.497266155494703,12,ema9_close,42.92754317975076,-1.1015440238763037,2,"avwap,swing_high",80.3532008830022,4.584948365850683,2
ABSLAMC,2024-09-11,2024-09-12,2024-09-12,744.87225,735.0,734.6325,397,1.3253614965519267,3919.283250000003,-4740.648643612441,-1.2095703069208987,-1.6031179121654557,0,stop_same_day,2.192020175271671,-1.533450870266675,2,"ema9,avwap",71.7439293598234,3.1175426603669343,0
POLYMED,2024-09-11,2024-09-12,2024-09-12,2564.2815,2517.5,2516.24125,105,1.8243511876523717,4912.057500000005,-5657.699372062507,-1.1517982784327139,-2.101284557194679,0,stop_same_day,1.3714757915618767,-2.1168307769642314,1,avwap,91.3907284768212,4.337870764486739,0
PAYTM,2024-09-20,2024-09-23,2024-09-23,670.3850249999999,651.45,651.1242750000001,272,2.8244999953571286,5150.326799999968,-5652.292109039941,-1.0974628074164103,-3.099783694452272,0,stop_same_day,0.8972418499354233,-3.3391296292753454,1,ema9,96.90949227373068,6.277282204528638,0
JMFINANCIL,2024-09-20,2024-09-23,2024-10-07,127.21357499999999,123.2,139.63030524893077,1286,3.1549895520191056,5161.457449999985,15573.279685624822,3.0172252385079465,9.519314103580923,9,ema9_close,23.925453710423596,-0.2857989015716266,1,ema9,94.70198675496688,6.760297522535521,2
PNBHOUSING,2024-09-23,2024-09-24,2024-09-24,1024.161825,1000.95,1000.4495250000001,217,2.2664216175016936,5036.966024999971,-5650.810862392435,-1.1218679725743175,-2.54262582502523,0,stop_same_day,0.37476255278311044,-3.687095542738076,1,ema21,88.30022075055187,6.594387101041429,0
PCBL,2024-09-23,2024-09-24,2024-10-04,527.2635,515.55,544.550001786543,431,2.2215647394519187,5048.518500000029,6919.237907839501,1.3705481930668295,3.044761539436809,7,ema9_close,10.836422396012608,-1.2543064331212008,1,avwap,100.0,4.682117071113443,1
FLUOROCHEM,2024-09-26,2024-09-27,2024-09-27,4302.15,4213.55,4211.443225,56,2.0594353985797675,4961.599999999969,-5627.854803689958,-1.1342822484057549,-2.3359810143474604,0,stop_same_day,0.23709075694712478,-3.0252315702613726,1,ema9,88.74172185430463,4.983636812056318,0
SAPPHIRE,2024-10-15,2024-10-16,2024-10-16,361.1805,354.15,353.972925,711,1.946533658378572,4998.685500000012,-5709.331022951266,-1.142166480157884,-2.2232654970991024,0,stop_same_day,0.0,-1.9880641396753134,2,"ema9,ema21",74.28571428571429,4.71481708864597,0
ECLERX,2024-10-17,2024-10-18,2024-10-18,1517.988615,1486.48,1485.73676,157,2.0756819049001867,4946.852554999994,-5605.863851456262,-1.1332183017644577,-2.352200723274204,0,stop_same_day,0.16214779054848602,-3.356982687251578,1,ema21,84.61538461538461,4.187994996702817,0
CHOICEIN,2024-11-29,2024-12-02,2024-12-17,532.8663,525.0,551.7099990902879,556,1.4762239608697385,4373.662800000013,9783.618608561716,2.2369393928955126,3.3022235308057617,11,ema9_close,6.762240359354678,-1.4199246602759583,2,"ema9,avwap",91.2472647702407,3.191818221762496,1
PAYTM,2024-12-03,2024-12-04,2024-12-20,910.4549999999999,890.7,957.9139761044175,249,2.1697942237672243,4918.994999999971,11282.277593692463,2.2936143650669556,4.97667120087181,12,ema9_close,16.749317648867887,-0.8627554354690682,1,avwap,99.34354485776805,4.9943042940365725,2
VIJAYA,2024-12-03,2024-12-04,2024-12-04,1166.5829999999999,1135.05,1134.482475,156,2.7030224167504504,4919.147999999985,-5420.493046214967,-1.1019170486870864,-2.978506484000692,0,stop_same_day,1.3258379386636099,-3.088764365673073,1,ema9,95.40481400437638,5.93372440394559,0
KAYNES,2024-12-05,2024-12-06,2024-12-06,6287.44215,6182.0,6178.909000000001,5,1.6770277560327114,527.2107499999993,-614.3472691124965,-1.1652783428875404,-1.9542041245262083,0,stop_same_day,0.8756796275254818,-1.8392558888195842,1,avwap,94.54148471615721,4.497142169220051,0
NETWEB,2024-12-05,2024-12-06,2024-12-11,2906.402475,2843.95,2842.528025,80,2.1487896303831784,4996.198000000004,-5638.857605999976,-1.128629731247635,-2.425187863047072,3,stop,4.25259495417957,-2.969391739180921,2,"ema9,avwap",76.41921397379913,5.020991364963273,0
KALYANKJIL,2024-12-05,2024-12-06,2024-12-19,725.06235,711.35,745.6556623739726,365,1.8911959778355634,5005.007750000005,6899.2251308060495,1.3784644251162332,2.6069463763692324,9,ema9_close,8.190695600178373,-1.1188486066060377,2,"ema9,avwap",80.78602620087337,4.235151572821211,1
RAMCOCEM,2024-12-09,2024-12-10,2024-12-10,1018.6090499999999,1005.25,1004.7473749999999,83,1.3114992449752838,1108.8011499999925,-1343.6483957662515,-1.2118028519056465,-1.589278525333151,0,stop_same_day,0.6274193224574325,-1.5225713928223876,1,ema9,91.48471615720524,2.828965191600351,0
M&M,2024-12-12,2024-12-13,2024-12-13,3087.5429999999997,3045.0,3043.4775,98,1.3778917411028662,4169.213999999967,-5009.385010349994,-1.2015178425357955,-1.6555615120178067,0,stop_same_day,0.17998129904588356,-2.835361321283612,1,ema9,86.68122270742357,2.8976497077414107,0
GRANULES,2024-12-16,2024-12-17,2024-12-17,587.5936499999999,580.8,580.5096,522,1.1561816571707264,3546.2852999999777,-4399.086480974957,-1.2404773188933742,-1.4342171222408409,0,stop_same_day,0.71586035689801,-1.8964891809160749,1,ema9,72.27074235807859,4.181484247056025,0
POLICYBZR,2024-12-16,2024-12-17,2024-12-19,2125.96245,2072.7,2071.66365,96,2.5053335255286457,5113.1952000000165,-5676.102721440017,-1.1100891906962596,-2.7811436657783015,2,stop,2.5206254230877967,-3.2814525957408307,1,ema9,87.99126637554585,5.16630230647078,0
ABBOTINDIA,2025-03-21,2025-03-24,2025-04-01,30514.249499999998,30046.55,30302.841,9,1.5327248995588072,4209.295499999989,-2532.1333866749433,-0.6015575258793187,-0.9220221984322234,5,ema9_close,2.8044291241703405,-1.0285342262800867,2,"ema9,ema21",84.92569002123143,3.2654808046015185,0
HEG,2025-04-21,2025-04-22,2025-04-23,485.74275,474.05,473.81297500000005,421,2.4071898139498713,4922.6477499999955,-5487.004179258717,-1.1146448939513744,-2.683161834890983,1,stop,2.4616425052149493,-3.8276948034736478,1,ema9,80.89171974522293,5.4495116449259555,0
SBFC,2025-05-13,2025-05-14,2025-05-20,101.000475,99.3,105.60337377211239,2883,1.6836306957962301,4902.469424999992,12585.172429588547,2.5671088054952156,4.322063184380539,4,ema9_close,11.296506278807115,-1.1885835190379028,1,ema9,89.64059196617336,4.542882877215071,2
IEX,2025-05-13,2025-05-14,2025-05-14,195.79784999999998,193.4,193.3033,1502,1.2246559397868655,3601.570699999965,-4418.908516394959,-1.2269392674687747,-1.5025784616633804,0,stop_same_day,0.9663793550337837,-1.3012655654798981,2,"ema9,avwap",82.02959830866807,3.162047437000386,0
MRF,2025-05-19,2025-05-20,2025-05-26,140725.32749999998,139410.0,145913.64418124993,2,0.9346771639241593,2630.6549999999697,9717.363727633006,3.693895143085322,3.4525994361722154,4,partials_exhausted,4.767921041079134,-0.8813818535970257,2,"ema9,avwap",90.9090909090909,2.0820453683822926,2
BANDHANBNK,2025-05-23,2025-05-26,2025-05-26,166.533225,164.43,164.347785,1791,1.26294617785729,3766.8759749999654,-4595.622112246477,-1.220008872802487,-1.5408055428578813,0,stop_same_day,0.08813556574072197,-1.280960601105264,3,"ema9,ema21,avwap",74.20718816067652,3.3221563539560783,0
MAPMYINDIA,2025-05-23,2025-05-26,2025-05-26,2009.1040499999997,1983.0,1982.0085000000001,148,1.2992881080499386,3863.399399999954,-4689.428756009906,-1.2138089466002302,-1.5770875297623022,0,stop_same_day,0.0,-3.519183090592028,1,ema9,72.51585623678648,4.169699011319441,0
APOLLOTYRE,2025-05-23,2025-05-26,2025-05-26,497.94884999999994,491.0,490.7545,446,1.395494738063947,3099.1870999999715,-3715.7860482149686,-1.198955057671414,-1.6731354741556148,0,stop_same_day,0.5223729304726932,-1.9879250649941105,1,avwap,70.40169133192389,3.106897790447234,0
PARADEEP,2025-05-23,2025-05-26,2025-06-13,158.57925,154.11,173.16789387252697,1112,2.818306934860638,4969.805999999987,15798.333738665788,3.1788632672313226,8.959012391011782,14,ema9_close,15.778073108556129,-1.1346061984780484,1,avwap,98.5200845665962,5.991205585047544,2
HAL,2025-05-26,2025-05-27,2025-06-02,5036.61705,4950.0,4947.525000000001,56,1.7197465906207787,4850.554799999991,-5632.1335480199605,-1.1611318251718281,-1.9968524976005333,4,stop,1.4569888731167315,-1.7197465906207725,1,avwap,95.9830866807611,3.8193130365896186,0
VMM,2025-05-27,2025-05-28,2025-05-30,125.8629,124.21,124.147895,2323,1.3132543426220138,3839.6867000000057,-4651.847953302724,-1.2115175837921144,-1.5910307280779237,2,stop,2.0554905377200043,-1.87736020701891,2,"ema9,avwap",72.51585623678648,4.611148995431572,0
SBFC,2025-05-27,2025-05-28,2025-06-11,107.78386499999999,105.43,112.75280000132761,2094,2.1838751096928886,4928.993309999968,9873.875549790326,2.003223564892684,4.3747900825193895,10,ema9_close,8.550570161869786,-0.9313685309020887,2,"ema9,avwap",84.14376321353065,4.427865956181094,1
GABRIEL,2025-05-28,2025-05-29,2025-05-29,653.076375,638.9,638.58055,1,2.1707070631670007,14.176375000000007,-15.981230463749968,-1.127314314396308,-2.4470691446693307,0,stop_same_day,0.7845368774823712,-2.6760078405837238,1,ema9,92.19409282700421,4.602640408023197,0
DATAPATTNS,2025-05-28,2025-05-29,2025-06-09,2881.44,2801.8,2982.6733718181817,11,2.7638958298628418,876.0399999999986,1039.386055846504,1.1864595861450455,3.2792507024470843,7,ema9_close,13.44327836081959,-2.697956577266922,1,avwap,99.36708860759494,6.759285428747731,1
CCL,2025-05-29,2025-05-30,2025-06-10,825.4124999999999,803.15,858.9763575757576,99,2.6971362803446683,2203.9874999999934,3131.054228565008,1.4206315728038466,3.8316369560123626,7,ema9_close,10.8536640770524,-1.6310026804779265,1,ema9,90.50632911392405,5.797496845472233,1
JYOTICNC,2025-05-29,2025-05-30,2025-06-06,1249.72455,1224.1,1238.8021849283505,194,2.0504158296322177,4971.1627,-2674.129138462504,-0.5379283076899705,-1.1029767172947857,5,stop,6.423451471766327,-3.930830197742381,1,ema9,93.67088607594937,4.140230027513089,1
ABDL,2025-05-30,2025-06-02,2025-06-03,400.550175,393.55,393.35322499999995,726,1.7476399804344143,5082.127050000009,-5887.815648660019,-1.158533738085121,-2.02469987935969,1,stop,1.1109282376421319,-1.8974339481938927,2,"ema9,avwap",71.09704641350211,4.890204521879543,0
BEL,2025-06-02,2025-06-03,2025-06-12,389.444625,383.75,387.2063,789,1.4622425460359028,4493.059124999979,-2470.732641798727,-0.5498998729064662,-0.8040869902235706,7,ema9_close,3.185401518893741,-1.3723709757195905,1,avwap,96.41350210970464,3.0967426345117066,0
ATUL,2025-06-03,2025-06-04,2025-06-11,7145.571,7055.0,7173.042351333334,6,1.2675124213306384,543.4259999999995,66.02967587581063,0.12150628765611268,0.15401072887389644,5,ema9_close,4.988110817176121,-0.6377516926219045,2,"ema9,avwap",86.28691983122363,2.618142079370659,1
CREDITACC,2025-06-03,2025-06-04,2025-06-06,1172.586,1150.0,1239.7238280000001,1,1.926170020791653,22.586000000000013,64.36367169780013,2.849715385539719,5.489036343415334,2,partials_exhausted,6.601989107835166,-1.695909724318725,1,ema9,85.86497890295358,3.964503997686163,1
BDL,2025-06-09,2025-06-10,2025-06-11,1970.985,1925.5,1924.53725,110,2.30772938403894,5003.349999999989,-5602.036064624973,-1.1196570427063837,-2.5838654574996642,1,stop,1.06114455462625,-4.30672988378906,1,ema9,98.73417721518987,5.194015250254482,0
SBFC,2025-06-10,2025-06-11,2025-06-11,115.05749999999999,112.8,112.7436,2240,1.9620624470373451,5056.799999999985,-5769.951633599999,-1.1410282458471792,-2.238768672185646,0,stop_same_day,0.17599895704323038,-3.2570671186145956,2,"ema9,avwap",78.05907172995781,3.997681929252638,0
ENDURANCE,2025-06-10,2025-06-11,2025-06-12,2528.3635499999996,2487.2,2485.9564,120,1.6280708523898695,4939.625999999971,-5780.83415309995,-1.1702979442370705,-1.9053279716241593,1,stop,1.2552170355406498,-3.890403735649471,1,avwap,86.70886075949366,3.756263182462953,0
HONASA,2025-06-13,2025-06-16,2025-06-16,310.155,303.75,303.59812500000004,762,2.0650964840160477,4880.609999999979,-5534.170613437466,-1.1339096165105367,-2.3416327622478943,0,stop_same_day,0.27244442294982424,-2.0650964840160477,1,ema21,89.45147679324894,4.522172672445903,0
TECHNOE,2025-06-20,2025-06-23,2025-06-23,1489.7445,1460.1,1459.36995,163,1.9899049803506645,4832.053500000017,-5503.863153652508,-1.139031915448057,-2.266565281328446,0,stop_same_day,2.346409065447131,-2.171144112295761,1,ema9,96.83544303797468,4.625209005062376,0
RAILTEL,2025-06-27,2025-06-30,2025-07-02,431.865825,422.65,422.438675,524,2.1339556099397297,4829.0922999999975,-5454.630491700001,-1.1295353563028818,-2.410378310207806,2,stop,0.4825978068535619,-3.1875235786485234,1,ema9,87.13080168776372,4.785087223922354,0
RPOWER,2025-06-30,2025-07-01,2025-07-01,70.93545,69.18,69.14541000000001,2745,2.474714687790091,4818.710249999989,-5355.860054804965,-1.1114716961462825,-2.7505753315161705,0,stop_same_day,0.0,-4.1241015599393505,1,avwap,99.57805907172997,5.602815579059095,0
HOMEFIRST,2025-07-04,2025-07-07,2025-07-07,1364.8821,1340.0,1339.3300000000002,191,1.8230219298795138,4752.481100000007,-5474.431287764976,-1.15191016493784,-2.099957491932811,0,stop_same_day,2.6462285643573145,-3.273696680467858,1,ema9,89.0295358649789,4.310877346537359,0
APARINDS,2025-07-14,2025-07-15,2025-07-25,8804.4,8663.0,9015.5993203125,32,1.6060151742310622,4524.799999999988,6102.602275012524,1.3487009978369298,2.166034268026684,8,ema9_close,6.424060696924272,-0.5894779882785839,2,"ema9,avwap",98.73417721518987,3.5695225313517596,1
DCMSHRIRAM,2025-07-14,2025-07-15,2025-07-25,1375.6875,1343.9,1407.6555516778524,149,2.310662850392979,4736.337499999987,4286.313868095006,0.9049848892936827,2.0911149638579154,8,ema9_close,9.203580028167735,-1.358411703239284,1,ema9,80.37974683544303,4.680911087447068,1
GALLANTT,2025-07-15,2025-07-16,2025-08-12,586.79325,573.7,688.3668124487705,366,2.231322531402653,4792.129499999963,36639.20898596531,7.645705105833555,17.060034071106717,19,ema9_close,36.71765992536555,-1.8990078703188844,1,avwap,81.85654008438819,5.134265314474044,2
CUB,2025-07-16,2025-07-17,2025-07-17,164.592255,162.02,161.93899000000002,60,1.562804398056266,154.33529999999905,-181.7265559049988,-1.1774788781633232,-1.8401691694119997,0,stop_same_day,0.2052010284445112,-1.9637953195306674,2,"ema9,avwap",77.0042194092827,3.60386898574954,0
MUTHOOTFIN,2025-07-16,2025-07-17,2025-07-17,2656.42755,2632.7,2631.3836499999998,108,0.8932127661452716,2562.575400000007,-3361.4873510400475,-1.3117613440915878,-1.1716819786784864,0,stop_same_day,0.285061416412434,-1.1002577503007778,2,"ema9,avwap",79.11392405063292,2.1475181084230313,0
REDINGTON,2025-07-17,2025-07-18,2025-07-21,310.3551,305.4,305.24729999999994,923,1.5965904861882456,4573.557300000015,-5367.93056748003,-1.1736882726887476,-1.8738995299255699,1,stop,0.8361067693103789,-3.014321337074847,2,"ema9,ema21",90.084388185654,3.504091220820919,0
HYUNDAI,2025-07-17,2025-07-18,2025-07-18,2152.2755999999995,2116.1,2115.04195,1,1.6808070490600546,36.17559999999958,-42.14106518249967,-1.1649030059625871,-1.957977183893163,0,stop_same_day,0.0057799289273458,-2.8934770249683406,2,"ema9,avwap",83.96624472573839,3.50533471628587,0
JMFINANCIL,2025-07-18,2025-07-21,2025-07-21,170.38515,167.3,167.21635000000003,289,1.8106918355267454,891.6083499999996,-1027.9850585249908,-1.1529558449345962,-2.087647735145914,0,stop_same_day,0.04979894081144323,-4.774565154298958,1,ema9,99.15611814345992,3.998133751679565,0
ANURAS,2025-07-18,2025-07-21,2025-07-23,1154.1768,1144.6,1149.425,248,0.8297515597263824,2375.046400000012,-1835.4336333600152,-0.7727990633614593,-0.6412312281792584,2,ema9_close,0.6258313284412083,-0.7950948242938134,2,"ema9,avwap",95.56962025316456,2.2732132905997724,0
LAURUSLABS,2025-07-23,2025-07-24,2025-08-01,826.3129499999999,817.05,853.1316159865439,353,1.1209978011357482,3269.821349999976,8785.218571687783,2.6867579697245074,3.0118497762451195,6,ema9_close,11.640511019463034,-1.1088958487217115,2,"ema9,avwap",86.91983122362869,2.430228075531655,2
ECLERX,2025-08-21,2025-08-22,2025-08-22,2017.4582249999999,1980.05,1979.0599750000001,132,1.8542255069494638,4937.885699999987,-5675.240462759959,-1.1493260086518353,-2.1311096010426533,0,stop_same_day,0.0,-4.012882348530407,1,ema9,87.57894736842105,4.337058221052848,0
KAJARIACER,2025-08-22,2025-08-25,2025-08-25,1280.53995,1266.0,1265.367,231,1.1354546181866554,3358.7284500000205,-4181.271631267493,-1.2448971965171722,-1.4135242709530436,0,stop_same_day,0.5825706570107329,-1.9944672557853496,1,ema9,90.52631578947368,3.282927238151997,0
WAAREEENER,2025-09-05,2025-09-08,2025-09-08,3240.6195,3178.0,3176.411,78,1.932331148411586,4884.3209999999835,-5583.870635849977,-1.1432235178339007,-2.2090864131071144,0,stop_same_day,0.22774966329741,-2.1483392295824855,2,"ema9,ema21",83.89121338912135,3.937173510966526,0
ESCORTS,2025-09-11,2025-09-12,2025-09-12,3722.8605,3664.9,3663.06755,78,1.5568807909939062,4520.918999999975,-5326.3678460849815,-1.1781604240387873,-1.8342553328952227,0,stop_same_day,0.24549670878079438,-1.6374639877051447,1,ema9,86.19246861924687,3.4567620647436845,0
VOLTAS,2025-09-12,2025-09-15,2025-09-22,1409.8045499999998,1392.4,1391.7038000000005,207,1.2345363759820287,3602.741849999947,-4413.754312717406,-1.2251097903996286,-1.5124426008200602,5,stop,1.9928613508872672,-2.82340910305615,1,ema9,75.31380753138075,2.553665156920574,0
DMART,2025-09-12,2025-09-15,2025-09-15,4636.317,4587.0,4584.7065,62,1.0637106996782146,3057.6540000000005,-3857.309975549966,-1.2615259854613914,-1.341898688657386,0,stop_same_day,1.3196466074256785,-1.3225368325763749,1,ema21,82.00836820083683,2.3720179432578705,0
AIIL,2025-09-12,2025-09-15,2025-09-19,629.3145,617.42,631.7639600000001,409,1.8900724518503855,4864.850499999998,408.6808863390744,0.0840068746899981,0.15877907961761284,4,ema9_close,4.717116799311,-1.3211994956416788,2,"ema9,avwap",93.93305439330544,4.469844180674142,0
JSL,2025-09-16,2025-09-17,2025-09-29,759.129375,747.0,753.9296989834338,166,1.5978007701256431,2013.476249999997,-1151.9891959734268,-0.5721394508494593,-0.9141648551865287,8,stop,7.070023472612959,-3.3168753349849,2,"ema9,ema21",75.31380753138075,3.608693000533234,1
ITCHOTELS,2025-09-16,2025-09-17,2025-09-17,246.123,243.37,243.24831500000002,1195,1.118546417847981,3289.834999999983,-4107.767104638726,-1.2486240509444233,-1.3966439594227196,0,stop_same_day,0.0,-2.4024573079313933,2,"ema9,ema21",81.3807531380753,2.5526470433102735,0
ECLERX,2025-09-17,2025-09-18,2025-09-19,2215.357125,2168.2,2167.1159,103,2.1286466397601775,4857.183875000019,-5487.950104811263,-1.12986253887933,-2.405078096776389,1,stop,2.288248446624613,-5.116878164733819,2,"ema9,avwap",88.49372384937239,4.472376721292454,0
ACUTAAS,2025-09-18,2025-09-19,2025-09-19,1477.63845,1461.0,1460.2695,197,1.1260163133951964,3277.7746499999844,-4087.266196072439,-1.2469637581926074,-1.404101533937459,0,stop_same_day,1.9938267036838402,-2.7772998191810734,2,"ema9,avwap",95.82463465553236,2.7893430088481095,0
HEROMOTOCO,2025-09-18,2025-09-19,2025-09-24,5392.695,5340.0,5337.33,47,0.977155207183045,2476.6649999999863,-3182.11285124997,-1.2848378166808945,-1.2554859629554307,3,stop,2.2494318703357123,-2.3679254992169945,2,"ema9,avwap",86.84759916492693,2.164594979648898,0
NATIONALUM,2025-09-19,2025-09-22,2025-09-22,212.84637,210.24,210.13488000000004,1354,1.224531101939863,3529.024979999998,-4329.98156437497,-1.2269625715074912,-1.5024538297270364,0,stop_same_day,0.7769124744763054,-1.5909926018470502,1,ema9,80.1670146137787,2.7078842406339843,0
OLAELEC,2025-09-22,2025-09-23,2025-09-24,58.319145,56.7,56.67165000000001,2943,2.776352431092733,4765.143734999989,-5237.758381137723,-1.099181613907337,-3.051715545984069,1,stop,1.5104045163899504,-3.0678519035215572,1,ema21,95.82463465553236,7.267416784371784,0
ACUTAAS,2025-09-22,2025-09-23,2025-09-23,1467.1332,1450.0,1449.275,194,1.1678012603081975,3323.8407999999977,-4115.14146941997,-1.2380681618144806,-1.4458175597144038,0,stop_same_day,0.29082567281553595,-2.45602785077729,1,ema9,95.4070981210856,2.8342519906656625,0
ADANIGREEN,2025-10-09,2025-10-10,2025-10-13,1056.3279,1042.7,1050.77435,265,1.2901202363394884,3611.393499999988,-2113.830160687509,-0.5853225799646358,-0.7551365051988149,1,ema9_close,1.50257320667191,-1.242786449169813,1,ema9,74.63617463617463,3.632154099681146,0
ADANIPOWER,2025-10-09,2025-10-10,2025-10-27,150.05498999999998,147.44,162.14427587073988,1784,1.7426877973201544,4665.142159999959,20926.77797953956,4.485774980014702,7.817305319195681,10,ema9_close,16.21739470310186,-1.689374008821673,1,ema9,93.76299376299376,5.896004833289744,2
POONAWALLA,2025-10-13,2025-10-14,2025-10-14,532.96635,523.25,522.988375,483,1.8230700681196914,4692.997050000016,-5405.891977001254,-1.1519061101905521,-2.1000055507725786,0,stop_same_day,0.4753864854694796,-3.5398763918209863,1,ema9,90.64449064449065,4.028594972515636,0
HEROMOTOCO,2025-10-14,2025-10-15,2025-10-15,5593.795499999999,5540.0,5537.23,50,0.9616994400313574,2689.7749999999633,-3468.308966249965,-1.2894420411558634,-1.2400556889324843,0,stop_same_day,0.2718100795783603,-2.6242557490705423,2,"ema9,avwap",98.3402489626556,2.0261004154893514,0
MRF,2025-10-17,2025-10-20,2025-10-21,156858.38999999998,155115.0,162007.51571999994,1,1.1114419827973403,1743.3899999999849,4782.429928421952,2.743178478953071,3.048883727814593,1,partials_exhausted,4.1703921607253625,-0.20616684896484333,2,"ema9,avwap",71.78423236514523,2.3720357965570793,1
NEULANDLAB,2025-10-17,2025-10-20,2025-10-23,16393.192499999997,16119.0,16110.940500000002,17,1.6725997696909702,4661.2724999999555,-5433.739800149927,-1.1657202620421738,-1.9497834418158373,2,stop,1.7190519784355773,-3.0024200594240398,1,avwap,90.04149377593362,3.7424511751963734,0
GRANULES,2025-10-21,2025-10-23,2025-10-23,573.1864499999999,566.9,566.61655,500,1.0967548168663,3143.2249999999726,-3940.3367250000115,-1.2535967756046882,-1.3748883020525038,0,stop_same_day,0.09831879312570588,-3.2688229109393427,2,"ema9,avwap",91.09730848861284,2.647849456830693,0
NATIONALUM,2025-10-21,2025-10-23,2025-11-04,228.61425,226.5,234.2925638556619,1254,0.9248111174172207,2651.269499999998,6453.04765873878,2.4339463259916747,2.2509406214739,8,ema9_close,5.465866629048719,-0.5530057728247492,1,avwap,91.92546583850931,2.8094108007533336,2
HBLENGINE,2025-10-24,2025-10-27,2025-11-06,938.4689999999999,922.0,977.3526086470589,289,1.7548794898925737,4759.540999999982,10600.639587366179,2.227239892957371,3.908537607221422,7,ema9_close,10.142157066456136,-0.6893141915183068,1,ema9,99.58592132505176,3.7404469110859653,2
DELHIVERY,2025-10-27,2025-10-28,2025-10-31,474.23699999999997,467.65,467.416175,466,1.388967963275744,3069.541999999995,-3683.1363864824784,-1.199897700204944,-1.6666194647929105,3,stop,2.807246165946566,-1.9793900518095313,2,"ema9,ema21",77.22567287784679,2.8344258173594885,0
M&MFIN,2025-10-27,2025-10-28,2025-11-12,299.7498,296.25,310.51664328497407,965,1.1675737565129296,3377.3069999999934,9712.760584564525,2.8758891580080057,3.3578127075302135,10,ema9_close,9.87496905752731,-0.5170312040241577,2,"ema9,avwap",89.85507246376811,2.633112868159152,2
ASTERDM,2025-10-28,2025-10-29,2025-10-30,703.3515,694.1,693.75295,97,1.3153451723640264,897.3954999999966,-1086.9063513974959,-1.2111787404745178,-1.5931181091530988,1,stop,0.09220140996358332,-1.4717392370670979,1,ema9,91.30434782608695,2.9248971856904498,0
INTELLECT,2025-11-17,2025-11-18,2025-11-18,1102.3509,1084.8,1084.2576,261,1.5921336844737874,4580.784899999989,-5378.66184127498,-1.1741790891065402,-1.8694500793712718,0,stop_same_day,0.9478923634933345,-2.717002362859215,1,ema21,86.98347107438018,4.469423979582727,0
KIRLOSENG,2025-12-31,2026-01-01,2026-01-07,1226.6129999999998,1203.2,1220.8892500000002,204,1.9087519861602467,4776.251999999956,-1741.8290278499312,-0.36468532812966054,-0.6960938443909908,4,ema9_close,4.230103545290987,-1.6560235379862986,1,ema21,97.73195876288659,5.0886306430102355,0
CUB,2026-01-01,2026-01-02,2026-01-07,217.98893999999999,214.54,214.43273,1315,1.5821628381696766,4535.356099999991,-5330.345820457446,-1.1752871666366962,-1.8594956792303132,3,stop,1.908839962247626,-1.9262169906418052,1,ema9,97.9381443298969,3.289283660090601,0
GESHIP,2026-01-02,2026-01-05,2026-01-06,1119.8596499999999,1107.5,1106.94625,257,1.1036784832813538,3176.4300499999677,-3976.8762837449967,-1.251995548822187,-1.3818005483990774,1,stop,1.3966348372316235,-3.1575072822741532,3,"ema9,ema21,avwap",79.58762886597938,2.354137693947248,0
BEL,2026-02-11,2026-02-12,2026-02-13,438.91934999999995,434.35,434.1328250000001,645,1.041045467692397,2947.2307499999542,-3734.895075806197,-1.2672557368662956,-1.3192708412718461,1,stop,1.6587671516418823,-1.3941855149470967,2,"ema9,avwap",71.75257731958763,3.6494100222588797,0
HINDCOPPER,2026-02-11,2026-02-12,2026-02-13,607.753725,593.8,593.5031,338,2.2959505513520426,4716.359050000026,-5283.639777877522,-1.120279376922648,-2.5721060531138766,1,stop,3.446507053494409,-3.743905477502423,1,ema9,100.0,6.643457167394386,0
AXISBANK,2026-02-17,2026-02-18,2026-03-02,1363.6815,1350.4,1376.333469497561,205,0.9739444291060504,2722.707499999964,1947.6952179409468,0.7153523534720393,0.6967134395119949,8,ema9_close,3.0812546771368545,-0.9299458854578546,2,"ema9,avwap",82.68041237113401,2.6862687218736268,1
ACUTAAS,2026-04-17,2026-04-20,2026-06-11,2390.6947499999997,2325.4,2979.046668151408,71,2.7312039732383058,4635.92724999997,41334.54680195792,8.916133617488969,24.351779562009504,36,ema9_close,44.07109063170864,-2.2041605269765063,1,ema9,97.52577319587628,6.238347753845018,2
INDIANB,2026-04-17,2026-04-20,2026-04-20,945.4725,930.05,929.5849749999999,297,1.6311949845183245,4580.482500000004,-5359.020805586291,-1.169968623520838,-1.9084469507309982,0,stop_same_day,1.0923109873634598,-2.117724206679721,1,ema9,79.79381443298969,3.5228939921557916,0
ZYDUSWELL,2026-04-20,2026-04-21,2026-04-24,504.101925,491.0,490.75450000000006,356,2.59906267963567,4664.285299999998,-5158.977520394975,-1.1060595972538338,-2.874718220675299,3,stop,6.000388711072672,-4.543113974420947,1,ema9,79.58762886597938,5.898096009046254,0
DMART,2026-04-27,2026-04-28,2026-05-04,4531.264499999999,4460.3,4458.069850000001,61,1.5661080919023629,4328.834499999947,-5095.4754546524655,-1.1771010082858395,-1.8434674140628833,3,stop,2.3974654315588992,-3.9782383041201683,1,ema9,82.88659793814433,3.2072082034611524,0
TIMKEN,2026-04-27,2026-04-28,2026-04-28,3578.7884999999997,3522.0,3520.239,56,1.5868079379376474,3180.155999999981,-3735.949370999997,-1.1747692160384646,-1.8641331172546225,0,stop_same_day,0.5927005745100707,-1.9193226981700582,1,ema9,75.87628865979381,3.75461296931078,0
WAAREEENER,2026-04-27,2026-04-28,2026-04-30,3376.6875,3325.0,3332.2476768292686,82,1.5307161234197717,4238.375,-4276.718087174968,-1.0090466481080527,-1.544563973541673,2,stop_gap,4.706165435800614,-8.194051122586856,1,ema9,93.19587628865979,3.1173194163848015,1
OFSS,2026-05-07,2026-05-08,2026-05-08,9552.27375,9410.0,9405.295,29,1.4894228717010993,4125.938750000008,-4894.618667812538,-1.186304248411959,-1.7669086803809542,0,stop_same_day,0.29025811786434313,-2.630512447363648,1,ema9,78.14432989690722,3.120661170116411,0
BALRAMCHIN,2026-05-08,2026-05-11,2026-05-11,525.6627,517.2,516.9414,531,1.609910689877735,4493.693699999962,-5267.676493664907,-1.1722375500726612,-1.8871977629380638,0,stop_same_day,1.005835110613721,-2.608649995519938,2,"ema9,avwap",81.23711340206185,3.6622762494770056,0
EMCURE,2026-05-14,2026-05-15,2026-05-15,1683.74145,1666.0,1665.1670000000001,164,1.053692061806757,2909.5977999999977,-3677.8139336699533,-1.264028290669575,-1.3318965757776953,0,stop_same_day,2.0406072440635064,-1.4159804642215048,1,ema9,70.10309278350515,4.41603089086404,0
MAHABANK,2026-05-19,2026-05-20,2026-05-20,78.63929999999999,77.42,77.38129,3546,1.550497016122969,4323.637799999964,-5097.139823960943,-1.178900745099644,-1.827882087582143,0,stop_same_day,0.4459602259938776,-1.970134525612497,1,ema21,86.5979381443299,3.320840334717096,0
GODREJIND,2026-05-20,2026-05-21,2026-05-21,1135.4174249999999,1111.45,1110.894275,192,2.1108910672213637,4601.745599999966,-5204.430423359969,-1.1309687400711608,-2.387351810722813,0,stop_same_day,0.7647033424733678,-2.634927414470486,1,ema9,77.31958762886599,5.878604421749326,0
BALRAMCHIN,2026-05-21,2026-05-22,2026-05-22,541.97085,532.5,532.23375,488,1.7474832825418638,4621.77480000002,-5354.548421520007,-1.1585481018071204,-2.024543439928552,0,stop_same_day,0.0,-2.7530724207768897,1,ema9,79.79381443298969,4.006398651222839,0
MAHABANK,2026-05-27,2026-05-29,2026-05-29,80.29012499999999,79.6,79.56019999999998,3435,0.859539077813112,2370.579374999982,-3138.741121331269,-1.3240396649157942,-1.1380638325697034,0,stop_same_day,0.5104924173427478,-2.354118890710388,1,ema9,79.79381443298969,2.7142396266341295,0
CAPLIPOINT,2026-06-05,2026-06-08,2026-06-08,2049.7243499999995,2015.2,2014.1924000000004,135,1.684341116404236,4660.787249999927,-5427.73632543739,-1.164553547351357,-1.9615054220582977,0,stop_same_day,4.794578841784288,-2.3527236723318192,2,"ema9,avwap",83.29896907216495,3.6870185963668476,0
SUZLON,2026-06-09,2026-06-10,2026-06-10,55.417694999999995,54.47,54.44276500000001,4857,1.7100945826057834,4602.954614999981,-5348.866102352946,-1.1620505848400524,-1.9872164098488558,0,stop_same_day,0.05829365512226379,-2.901049926381804,3,"ema9,ema21,avwap",92.78350515463917,3.5004634739253206,0
SOLARINDS,2026-06-09,2026-06-10,2026-06-10,18395.193,18147.0,18137.9265,15,1.3492274856806303,3722.8949999999895,-4489.1938113749975,-1.2058341187100388,-1.6269445361350643,0,stop_same_day,0.123983477640059,-4.137999530638245,1,ema9,84.94845360824742,3.157308048108106,0
ADANIENSOL,2026-06-17,2026-06-18,2026-06-23,1497.0481499999999,1470.0,1492.95315,167,1.8067655338941404,4517.041049999975,-1258.0947496649615,-0.2785218765423813,-0.5032237269722935,3,ema9_close,3.6038820795443485,-1.138784347049878,1,ema21,95.87628865979381,3.965203281230542,0
PREMIERENE,2026-06-18,2026-06-19,2026-06-23,1062.83115,1047.0,1046.4765,257,1.4895263466826296,4068.6055499999948,-4826.550925957492,-1.1862911915748378,-1.7670119846882517,2,stop,2.321050714405578,-2.05405628165866,3,"ema9,ema21,avwap",84.5360824742268,3.3468590610071396,0
WOCKPHARMA,2026-06-22,2026-06-23,2026-06-24,2028.6137999999999,1970.0,1969.0149999999999,77,2.889352325218327,4513.262599999989,-4943.097630239989,-1.0952382053373098,-3.1645290552593037,1,stop,2.2126537835836544,-3.8259524804573317,1,ema9,97.9381443298969,6.46163405292651,0
CPPLUS,2026-06-24,2026-06-25,2026-06-25,3641.8199999999997,3551.3,3549.5243500000006,49,2.485570401612368,4435.479999999977,-4927.719104122458,-1.1109776403281006,-2.7614131396526775,0,stop_same_day,0.3619069586086158,-2.521266839107911,1,avwap,99.58762886597938,5.039820906278389,0
DATAPATTNS,2026-06-30,2026-07-01,2026-07-03,4541.36955,4432.1,4504.7465,40,2.4060924528813112,4370.781999999999,-1881.0433382999913,-0.4303676866748311,-1.0355044428723001,2,ema9_close,3.766054449367573,-1.1531664495350356,1,ema21,85.77319587628865,5.361998867074094,0
NIACL,2026-07-09,2026-07-10,2026-07-13,185.0925,180.37,176.41175,941,2.551426989208097,4443.872499999997,-8559.7875741375,-1.926200082053998,-4.914558875967421,1,stop_gap,0.7118062590326434,-4.669286978132561,1,ema9,93.4020618556701,5.645350088823423,0
APTUS,2026-07-10,2026-07-13,2026-07-13,285.54269999999997,281.9,281.75905,932,1.2757111283181084,3394.9963999999914,-4134.395815650013,-1.2177909277459098,-1.5535494384902901,0,stop_same_day,4.695374807340556,-1.8885791862302876,1,ema9,89.48453608247424,3.0817659632443792,0
FIVESTAR,2026-07-13,2026-07-14,2026-07-15,548.4741,538.65,538.380675,446,1.7911693551254368,4381.54860000002,-5059.115364097513,-1.1546409331389111,-2.0681574556118565,1,stop,2.0649835607551807,-1.827634158112474,1,ema9,85.36082474226804,4.289142329579004,0
FIVESTAR,2026-07-14,2026-07-15,2026-07-15,550.275,541.25,540.979375,477,1.640089046385894,4304.924999999989,-5032.620712406248,-1.1690379536011104,-1.917326342510562,0,stop_same_day,1.730952705465445,-2.148925537231372,2,"ema9,avwap",88.65979381443299,3.9692720496600984,0
KIRLOSENG,2026-07-15,2026-07-16,2026-07-16,2435.9173499999997,2371.0,2369.8145,66,2.6650062655040294,4284.545099999981,-4727.5431474150055,-1.1033944180947066,-2.9405530375445657,0,stop_same_day,0.16760215612406906,-3.403947592885273,1,ema9,98.55670103092784,5.432574503312319,0
IIFL,2026-07-15,2026-07-16,2026-07-24,547.223475,537.6,559.2235487942222,450,1.7586005424931714,4330.563749999993,4827.446872586464,1.114738669436854,1.9603800288097675,6,ema9_close,7.396708447129399,-0.9271303647929268,1,ema9,76.08247422680412,3.537659962899396,1
MINDACORP,2026-07-16,2026-07-17,2026-07-17,685.3425,675.4,675.0623,381,1.4507344867712124,3788.0924999999984,-4512.817563119975,-1.191316622579828,-1.7282841090403607,0,stop_same_day,0.0,-2.0927492458150447,1,ema21,92.16494845360825,3.0980133389055484,0
MANKIND,2026-07-16,2026-07-17,2026-07-17,2558.0784,2531.9,2530.63405,102,1.0233619110344618,2670.196799999978,-3396.229670384979,-1.2719023820210582,-1.3016164523143543,0,stop_same_day,0.012571936810076534,-3.4626929338834915,1,ema9,79.17525773195877,2.749898811777781,0
ANANDRATHI,2026-07-17,2026-07-20,2026-07-23,2089.54425,2056.2,2055.1719,123,1.5957666366720926,4101.3427500000125,-4814.069149417502,-1.1737787946197589,-1.8730770392873957,3,stop,1.5149595420149495,-3.3952020877279807,1,ema9,70.51546391752578,3.369949582549715,0
LODHA,2026-07-20,2026-07-21,2026-07-22,1195.5974999999999,1180.0,1179.41,215,1.3045778366046983,3353.4624999999687,-4067.533104374942,-1.2129353181599556,-1.582368533306546,1,stop,0.7864268702468972,-3.550316891763302,1,avwap,94.43298969072164,4.044233674282511,0
AEGISLOG,2026-07-22,2026-07-23,2026-07-24,1368.684,1321.3,1320.63935,90,3.4620116842163724,4264.560000000001,-4602.363466725005,-1.0792117983391027,-3.7362438555941373,1,stop,3.018666105543722,-5.135151722384407,1,ema9,99.58762886597938,7.534077052312696,0
GODREJIND,2026-07-31,2026-08-03,2026-08-04,1326.663,1304.5,1303.8477500000001,190,1.6705825066350695,4210.970000000002,-4909.664098874962,-1.165922364413653,-1.947769506084047,1,stop,1.9776687825016661,-1.8439498199618214,1,ema9,95.6701030927835,3.9237904742050205,0
RRKABEL,2026-08-03,2026-08-04,2026-08-04,2657.328,2605.1,2603.79745,81,1.9654329461775162,4230.468000000005,-4826.048385667485,-1.1407835694933701,-2.242133611940258,0,stop_same_day,0.19086842121108558,-2.206276379882354,1,avwap,97.9381443298969,4.633992636006634,0
TORNTPHARM,2026-08-04,2026-08-05,2026-08-05,5071.03425,4996.0,4993.502,49,1.4796636406074304,3676.6782499999854,-4366.21686768747,-1.18754391078074,-1.7571655464070153,0,stop_same_day,0.0,-2.455795876354014,1,ema9,81.44329896907216,3.011562418487462,0
SHYAMMETL,2026-08-05,2026-08-06,2026-08-06,1031.5155,1020.3,1019.7898500000001,241,1.0872837102302408,2702.935500000005,-3394.4009277524665,-1.2558201731977918,-1.3654328172964791,0,stop_same_day,0.9000834209471384,-2.221537146072934,2,"ema9,ema21",80.61855670103093,3.050261274530227,0
SONATSOFTW,2026-08-13,2026-08-14,2026-08-14,329.1645,322.45,322.288775,616,2.03986152820246,4136.131999999992,-4696.936100009996,-1.1355866060391702,-2.316439429601307,0,stop_same_day,1.1652228596947802,-3.1942995067815634,1,ema9,86.80412371134021,4.8921626918036525,0
THELEELA,2026-08-14,2026-08-17,2026-08-17,513.406575,504.6,504.34770000000003,467,1.7153218187749062,4112.670524999978,-4777.079558388713,-1.1615517288219286,-1.9924350240839674,0,stop_same_day,1.2842502065736157,-2.9813749463570764,2,"ema9,avwap",88.04123711340206,3.517280327622258,0
PARADEEP,2026-08-14,2026-08-17,2026-08-17,148.57424999999998,146.97,146.896515,1661,1.079763148728652,2664.659249999965,-3351.111316764709,-1.2576134516129043,-1.3579246603970578,0,stop_same_day,0.5221295076367651,-2.06243679507047,1,ema9,87.42268041237114,3.715832094402868,0
ARE&M,2026-08-17,2026-08-18,2026-08-18,949.8747,938.15,937.680925,257,1.2343417505487813,3013.2478999999958,-3691.6672399687322,-1.2251455447687318,-1.5122482964068769,0,stop_same_day,0.3079669350073218,-2.187098993161934,1,ema9,74.63917525773196,3.165344270790004,0
LAURUSLABS,2026-08-20,2026-08-21,2026-08-21,1832.916,1813.8,1812.8931,132,1.0429283175006376,2523.311999999998,-3196.456621379977,-1.2667702691462568,-1.3211505854605354,0,stop_same_day,0.19007963267275485,-2.325038354185352,2,"ema9,avwap",93.81443298969072,2.35346990092579,0
VIJAYA,2026-08-20,2026-08-21,2026-08-21,1510.65495,1486.2,1485.4569000000001,161,1.6188309580556468,3937.246950000009,-4611.6161590275005,-1.1712793781013635,-1.8961033178026525,0,stop_same_day,0.0,-2.651495631083735,1,avwap,81.03092783505154,3.6086334991334192,0
MRPL,2026-08-21,2026-08-24,2026-08-24,177.26859,173.75,173.663125,1141,1.9848919653504262,4014.7111899999873,-4574.310614837237,-1.139387218246514,-2.261560534920478,0,stop_same_day,0.5818346047655834,-2.3515671896527155,1,ema9,81.23711340206185,4.529645215209367,0
MEDANTA,2026-08-24,2026-08-25,2026-08-25,1411.8055499999998,1395.7,1395.00215,169,1.1407767875682149,2721.8379499999605,-3385.277676494975,-1.2437469602093776,-1.4188376618153862,0,stop_same_day,0.1554357113839217,-1.3320212546267307,1,ema21,73.60824742268042,2.987957633344931,0
SYRMA,2026-08-25,2026-08-26,2026-08-31,1468.3337999999999,1442.0,1441.279,151,1.793447784148256,3976.4037999999823,-4590.529062719985,-1.1544423789958165,-2.0704321265368884,3,stop,2.4971297398452634,-5.157805398200324,2,"ema9,ema21",97.31958762886597,3.698363106928545,0
ANANTRAJ,2026-08-25,2026-08-26,2026-08-26,616.7081999999999,609.0,608.6955,386,1.2498941963151975,2975.3651999999693,-3636.858902429953,-1.222323532731374,-1.5277750895804334,0,stop_same_day,0.1527140388274483,-2.9930200376774496,1,ema21,86.5979381443299,2.7993495346295805,0
THELEELA,2026-08-26,2026-08-27,2026-08-27,556.77825,546.0,545.727,367,1.9358245405599013,3955.6177499999844,-4521.121090762496,-1.1429620798831015,-2.2125740431670944,0,stop_same_day,0.23739253464014903,-2.824867889505383,1,avwap,95.05154639175257,3.886185254361549,0
REDINGTON,2026-08-26,2026-08-27,2026-09-01,356.178,349.25,353.2470744465849,571,1.9450948682961882,3955.8879999999986,-2139.402466135328,-0.5408147212801092,-1.0519359390609737,3,stop,6.267091173514373,-2.5627635620392084,1,ema9,99.17525773195877,4.993884018054726,1
AARTIIND,2026-08-27,2026-08-28,2026-08-28,543.2715,534.55,534.282725,437,1.6053667457247423,3811.2954999999965,-4469.619550773721,-1.1727297321274945,-1.8826613136801646,0,stop_same_day,0.0,-2.811025426513253,2,"ema9,avwap",76.28865979381443,3.227193405083406,0
